"chrs","pos"
1,125000
1,875000
1,1125000
1,1375000
1,1625000
1,1875000
1,2125000
1,2375000
1,2625000
1,2875000
1,3375000
1,3625000
1,3875000
1,4125000
1,4875000
1,5875000
1,6125000
1,6375000
1,6625000
1,7625000
1,7875000
1,8125000
1,8375000
1,8875000
1,9125000
1,9375000
1,9625000
1,9875000
1,10125000
1,10375000
1,10625000
1,11125000
1,11375000
1,11625000
1,11875000
1,12125000
1,12375000
1,12625000
1,12875000
1,13125000
1,13375000
1,13625000
1,13875000
1,14125000
1,15375000
1,15625000
1,15875000
1,16125000
1,16375000
1,16625000
1,16875000
1,17125000
1,17375000
1,17625000
1,17875000
1,18125000
1,18625000
1,18875000
1,19125000
1,19375000
1,19625000
1,19875000
1,20125000
1,20375000
1,20625000
1,20875000
1,21125000
1,21375000
1,21625000
1,21875000
1,22125000
1,22375000
1,22875000
1,23125000
1,23375000
1,23625000
1,23875000
1,24125000
1,24375000
1,24625000
1,24875000
1,25375000
1,25625000
1,26375000
1,26625000
1,26875000
1,27125000
1,27375000
1,27625000
1,27875000
1,28125000
1,28375000
1,28875000
1,29125000
1,29625000
1,30625000
1,31125000
1,31375000
1,31625000
1,31875000
1,32125000
1,32375000
1,32625000
1,32875000
1,33125000
1,33375000
1,33625000
1,33875000
1,34125000
1,34375000
1,34625000
1,35125000
1,35375000
1,35625000
1,36125000
1,36375000
1,36625000
1,36875000
1,37625000
1,37875000
1,38125000
1,38375000
1,39375000
1,39625000
1,39875000
1,40125000
1,40375000
1,40625000
1,40875000
1,41125000
1,41375000
1,41625000
1,41875000
1,42125000
1,42625000
1,42875000
1,43125000
1,43375000
1,43625000
1,43875000
1,44125000
1,44375000
1,44625000
1,44875000
1,45125000
1,45375000
1,45625000
1,45875000
1,46375000
1,46625000
1,46875000
1,47125000
1,47375000
1,47625000
1,47875000
1,48125000
1,48625000
1,49125000
1,49375000
1,50875000
1,51125000
1,51375000
1,51625000
1,51875000
1,52375000
1,52625000
1,52875000
1,53125000
1,53375000
1,53625000
1,53875000
1,54125000
1,54375000
1,54625000
1,54875000
1,55125000
1,55375000
1,55625000
1,56625000
1,57375000
1,58625000
1,58875000
1,59125000
1,60375000
1,60625000
1,61625000
1,61875000
1,62125000
1,62375000
1,62625000
1,63625000
1,63875000
1,64125000
1,64625000
1,65125000
1,65375000
1,65625000
1,65875000
1,66125000
1,66875000
1,67125000
1,67375000
1,67625000
1,68125000
1,68625000
1,68875000
1,69875000
1,70375000
1,70625000
1,70875000
1,71375000
1,71625000
1,72625000
1,74375000
1,74625000
1,74875000
1,75125000
1,75625000
1,75875000
1,76125000
1,76375000
1,77625000
1,77875000
1,78125000
1,78375000
1,78625000
1,79125000
1,79375000
1,79625000
1,80625000
1,80875000
1,81875000
1,82125000
1,82375000
1,82625000
1,83125000
1,84375000
1,84625000
1,84875000
1,85125000
1,85375000
1,85625000
1,86125000
1,86375000
1,86625000
1,86875000
1,87125000
1,87875000
1,88875000
1,89375000
1,89625000
1,89875000
1,90125000
1,90375000
1,91125000
1,91375000
1,91625000
1,91875000
1,92125000
1,92375000
1,92625000
1,92875000
1,93125000
1,93375000
1,93625000
1,94125000
1,94375000
1,94625000
1,94875000
1,95375000
1,97125000
1,97875000
1,98875000
1,99125000
1,99375000
1,99875000
1,100125000
1,100875000
1,101125000
1,101375000
1,101625000
1,102375000
1,103375000
1,104125000
1,105375000
1,106375000
1,107625000
1,108125000
1,108625000
1,108875000
1,109125000
1,109375000
1,109625000
1,109875000
1,110125000
1,110375000
1,110625000
1,110875000
1,111375000
1,111625000
1,111875000
1,112125000
1,112375000
1,113125000
1,113375000
1,113625000
1,113875000
1,114125000
1,114375000
1,114625000
1,114875000
1,115125000
1,115375000
1,115625000
1,115875000
1,116125000
1,116375000
1,116625000
1,117125000
1,117375000
1,117625000
1,118375000
1,118625000
1,119375000
1,119625000
1,120125000
1,120375000
1,120625000
1,121125000
1,121375000
1,142625000
1,142875000
1,143125000
1,143375000
1,143625000
1,143875000
1,144125000
1,144625000
1,144875000
1,145125000
1,145375000
1,145625000
1,145875000
1,146125000
1,146375000
1,146625000
1,146875000
1,147625000
1,148125000
1,148375000
1,148625000
1,148875000
1,149125000
1,149375000
1,149625000
1,149875000
1,150125000
1,150375000
1,150625000
1,150875000
1,151125000
1,151375000
1,151625000
1,151875000
1,152125000
1,152375000
1,152625000
1,152875000
1,153125000
1,153375000
1,153625000
1,153875000
1,154125000
1,154375000
1,154625000
1,154875000
1,155125000
1,155375000
1,155625000
1,155875000
1,156125000
1,156375000
1,156625000
1,156875000
1,157125000
1,157375000
1,157625000
1,157875000
1,158125000
1,158375000
1,158625000
1,158875000
1,159125000
1,159375000
1,159875000
1,160125000
1,160375000
1,160625000
1,160875000
1,161125000
1,161375000
1,161625000
1,161875000
1,162375000
1,162625000
1,162875000
1,163125000
1,164625000
1,164875000
1,165125000
1,165375000
1,165625000
1,165875000
1,166625000
1,166875000
1,167125000
1,167375000
1,167625000
1,167875000
1,168125000
1,168375000
1,168625000
1,169125000
1,169375000
1,169625000
1,169875000
1,170125000
1,170375000
1,170625000
1,171125000
1,171375000
1,171625000
1,171875000
1,172125000
1,172375000
1,173125000
1,173375000
1,173625000
1,173875000
1,174375000
1,175125000
1,175375000
1,176625000
1,176875000
1,177125000
1,177375000
1,177875000
1,179125000
1,179375000
1,179625000
1,179875000
1,180125000
1,180375000
1,180625000
1,180875000
1,181125000
1,181625000
1,181875000
1,182125000
1,182375000
1,182625000
1,182875000
1,183125000
1,183625000
1,183875000
1,184125000
1,184375000
1,184625000
1,184875000
1,185125000
1,185375000
1,185875000
1,186125000
1,186375000
1,186875000
1,187625000
1,189125000
1,189875000
1,192125000
1,192625000
1,193125000
1,194125000
1,194625000
1,195375000
1,196375000
1,196625000
1,196875000
1,197125000
1,197375000
1,197625000
1,197875000
1,198125000
1,198375000
1,198625000
1,198875000
1,199625000
1,199875000
1,200125000
1,200625000
1,200875000
1,201125000
1,201375000
1,201625000
1,201875000
1,202125000
1,202375000
1,202625000
1,202875000
1,203125000
1,203625000
1,204125000
1,204375000
1,204625000
1,204875000
1,205125000
1,205375000
1,205625000
1,206375000
1,206625000
1,206875000
1,207125000
1,207375000
1,207625000
1,207875000
1,208125000
1,208375000
1,209375000
1,209625000
1,209875000
1,210125000
1,210375000
1,210625000
1,210875000
1,211125000
1,211375000
1,211875000
1,212125000
1,212375000
1,212625000
1,212875000
1,213125000
1,214375000
1,214625000
1,214875000
1,215375000
1,215875000
1,216125000
1,216375000
1,216625000
1,217625000
1,217875000
1,218375000
1,219625000
1,219875000
1,220125000
1,220375000
1,220875000
1,221125000
1,221875000
1,222625000
1,222875000
1,223125000
1,223375000
1,223625000
1,223875000
1,224375000
1,224625000
1,224875000
1,225125000
1,225375000
1,225625000
1,225875000
1,226125000
1,226375000
1,226625000
1,226875000
1,227125000
1,227375000
1,227625000
1,227875000
1,228125000
1,228375000
1,228625000
1,228875000
1,229125000
1,229375000
1,229625000
1,229875000
1,230375000
1,230875000
1,231125000
1,231375000
1,231625000
1,231875000
1,232625000
1,233125000
1,233375000
1,233625000
1,233875000
1,234125000
1,234375000
1,234625000
1,235375000
1,235625000
1,235875000
1,236375000
1,236625000
1,236875000
1,237125000
1,237625000
1,237875000
1,238625000
1,240125000
1,240375000
1,240625000
1,240875000
1,241125000
1,241375000
1,241625000
1,241875000
1,242125000
1,242375000
1,243375000
1,243625000
1,243875000
1,244125000
1,244625000
1,244875000
1,245125000
1,245375000
1,245625000
1,245875000
1,246625000
1,247125000
1,247375000
1,247625000
1,247875000
1,248125000
1,248375000
1,248625000
1,248875000
2,125000
2,375000
2,625000
2,875000
2,1125000
2,1375000
2,1625000
2,1875000
2,3375000
2,3625000
2,6625000
2,6875000
2,7125000
2,8375000
2,8875000
2,9375000
2,9625000
2,9875000
2,10125000
2,10375000
2,10625000
2,10875000
2,11125000
2,11375000
2,11875000
2,12125000
2,12625000
2,12875000
2,14125000
2,14875000
2,15375000
2,15625000
2,15875000
2,16625000
2,17875000
2,20125000
2,20375000
2,20625000
2,20875000
2,21125000
2,23875000
2,24125000
2,24375000
2,24625000
2,24875000
2,25125000
2,25375000
2,25625000
2,25875000
2,26125000
2,26375000
2,26625000
2,26875000
2,27125000
2,27375000
2,27625000
2,28625000
2,28875000
2,29125000
2,29375000
2,29625000
2,30375000
2,30625000
2,30875000
2,31125000
2,31375000
2,31625000
2,32125000
2,32375000
2,32625000
2,32875000
2,33125000
2,33375000
2,33625000
2,33875000
2,34125000
2,36625000
2,36875000
2,37125000
2,37375000
2,37625000
2,38125000
2,38375000
2,38625000
2,38875000
2,39125000
2,39375000
2,39625000
2,39875000
2,41375000
2,42375000
2,42625000
2,42875000
2,43125000
2,43375000
2,43625000
2,43875000
2,44125000
2,44625000
2,44875000
2,45125000
2,45625000
2,45875000
2,46125000
2,46625000
2,46875000
2,47125000
2,47375000
2,47875000
2,48125000
2,48625000
2,48875000
2,49125000
2,49375000
2,50375000
2,50625000
2,50875000
2,52625000
2,52875000
2,53875000
2,54125000
2,54375000
2,54625000
2,55125000
2,55375000
2,55625000
2,55875000
2,56125000
2,56875000
2,57375000
2,58375000
2,60625000
2,60875000
2,61125000
2,61375000
2,61625000
2,61875000
2,62125000
2,62625000
2,63375000
2,63625000
2,63875000
2,64125000
2,64625000
2,64875000
2,65125000
2,65375000
2,65625000
2,66625000
2,66875000
2,67375000
2,67625000
2,68625000
2,69125000
2,69375000
2,69625000
2,69875000
2,70125000
2,70875000
2,71125000
2,71375000
2,71625000
2,71875000
2,72375000
2,72625000
2,72875000
2,73375000
2,73625000
2,73875000
2,74125000
2,74375000
2,74625000
2,74875000
2,75125000
2,75625000
2,75875000
2,76375000
2,79125000
2,79375000
2,80625000
2,80875000
2,81375000
2,83125000
2,84625000
2,84875000
2,85125000
2,85375000
2,85625000
2,85875000
2,86375000
2,86625000
2,86875000
2,87125000
2,87375000
2,87625000
2,88125000
2,88375000
2,88625000
2,89125000
2,89375000
2,89625000
2,89875000
2,90125000
2,90375000
2,91625000
2,91875000
2,92125000
2,92375000
2,95375000
2,95625000
2,95875000
2,96125000
2,96375000
2,96625000
2,96875000
2,97125000
2,97375000
2,97875000
2,98125000
2,98375000
2,98625000
2,98875000
2,99375000
2,99625000
2,99875000
2,100125000
2,100375000
2,100875000
2,101125000
2,101625000
2,101875000
2,102125000
2,102375000
2,102875000
2,103125000
2,103375000
2,104125000
2,105875000
2,106375000
2,106625000
2,106875000
2,107125000
2,107375000
2,108125000
2,108375000
2,108625000
2,108875000
2,109125000
2,109375000
2,109625000
2,110875000
2,111125000
2,111375000
2,111625000
2,112625000
2,112875000
2,113125000
2,113375000
2,113625000
2,113875000
2,114375000
2,114625000
2,116125000
2,116375000
2,116625000
2,117875000
2,118625000
2,118875000
2,119625000
2,120125000
2,120375000
2,120875000
2,121125000
2,121625000
2,121875000
2,122125000
2,124375000
2,124625000
2,124875000
2,125125000
2,127375000
2,127875000
2,128375000
2,128625000
2,128875000
2,130625000
2,130875000
2,131125000
2,131375000
2,131625000
2,131875000
2,132125000
2,132375000
2,132625000
2,132875000
2,133125000
2,133375000
2,133875000
2,135125000
2,135625000
2,135875000
2,136125000
2,136625000
2,136875000
2,137875000
2,138125000
2,138375000
2,138625000
2,138875000
2,139125000
2,139375000
2,139625000
2,141375000
2,141625000
2,141875000
2,142625000
2,142875000
2,143625000
2,143875000
2,144125000
2,144625000
2,145125000
2,145625000
2,146625000
2,148625000
2,149125000
2,149625000
2,150125000
2,150375000
2,152125000
2,152375000
2,153375000
2,153625000
2,154375000
2,155125000
2,155625000
2,156125000
2,157375000
2,158625000
2,158875000
2,159125000
2,159375000
2,159625000
2,159875000
2,160125000
2,160375000
2,160625000
2,160875000
2,162125000
2,162375000
2,162875000
2,163125000
2,163625000
2,165375000
2,165625000
2,165875000
2,166125000
2,166625000
2,166875000
2,167125000
2,167375000
2,167875000
2,168125000
2,168625000
2,168875000
2,169375000
2,169625000
2,169875000
2,170125000
2,170375000
2,170625000
2,170875000
2,171125000
2,171375000
2,171625000
2,171875000
2,172125000
2,172375000
2,172625000
2,172875000
2,173375000
2,173875000
2,174125000
2,174875000
2,175125000
2,175375000
2,175625000
2,175875000
2,176125000
2,176875000
2,177125000
2,177375000
2,177625000
2,178375000
2,178625000
2,179375000
2,179625000
2,179875000
2,180125000
2,180375000
2,180625000
2,182375000
2,182625000
2,182875000
2,183125000
2,183375000
2,183625000
2,183875000
2,184125000
2,185875000
2,186375000
2,186625000
2,187375000
2,187625000
2,187875000
2,188125000
2,188375000
2,189375000
2,189875000
2,190125000
2,190375000
2,190625000
2,190875000
2,191375000
2,191625000
2,191875000
2,192125000
2,192375000
2,192625000
2,192875000
2,194375000
2,196625000
2,196875000
2,197125000
2,197625000
2,197875000
2,198375000
2,198625000
2,198875000
2,199625000
2,200125000
2,200875000
2,201375000
2,201625000
2,202125000
2,202625000
2,204125000
2,204375000
2,204625000
2,205875000
2,206125000
2,206375000
2,206875000
2,207125000
2,207375000
2,207625000
2,207875000
2,208375000
2,208625000
2,208875000
2,209125000
2,209375000
2,209875000
2,210125000
2,210625000
2,210875000
2,211125000
2,211375000
2,211625000
2,212375000
2,212625000
2,214125000
2,214625000
2,214875000
2,215125000
2,215625000
2,215875000
2,216125000
2,216375000
2,216625000
2,216875000
2,217125000
2,217375000
2,218625000
2,218875000
2,219375000
2,219625000
2,219875000
2,220125000
2,220375000
2,220625000
2,222375000
2,223125000
2,223375000
2,223625000
2,223875000
2,224375000
2,224625000
2,224875000
2,226375000
2,227875000
2,228125000
2,228375000
2,228625000
2,228875000
2,230125000
2,230625000
2,230875000
2,231125000
2,231375000
2,231625000
2,231875000
2,232125000
2,232375000
2,232625000
2,232875000
2,233125000
2,233375000
2,233625000
2,233875000
2,234125000
2,234625000
2,234875000
2,236625000
2,236875000
2,237375000
2,238375000
2,238875000
2,239125000
2,239375000
2,240125000
2,240625000
2,240875000
2,241375000
2,241625000
2,241875000
2,242125000
2,242375000
2,242625000
2,242875000
3,375000
3,1125000
3,1375000
3,2875000
3,3125000
3,4375000
3,4625000
3,4875000
3,5125000
3,6875000
3,7125000
3,7375000
3,7625000
3,8625000
3,8875000
3,9125000
3,9625000
3,9875000
3,10125000
3,10375000
3,10875000
3,11125000
3,11625000
3,11875000
3,12125000
3,12375000
3,12625000
3,12875000
3,13125000
3,13375000
3,13625000
3,13875000
3,14125000
3,14625000
3,14875000
3,15125000
3,15375000
3,15625000
3,15875000
3,16375000
3,16625000
3,17125000
3,17375000
3,18375000
3,19375000
3,20125000
3,21375000
3,23375000
3,24125000
3,24625000
3,25625000
3,27125000
3,27375000
3,27625000
3,27875000
3,29125000
3,29375000
3,29875000
3,30125000
3,30375000
3,30625000
3,30875000
3,31125000
3,31375000
3,31875000
3,32125000
3,32375000
3,32625000
3,32875000
3,33375000
3,33625000
3,33875000
3,35625000
3,35875000
3,36625000
3,36875000
3,37125000
3,37625000
3,37875000
3,38375000
3,38625000
3,38875000
3,39125000
3,39375000
3,39625000
3,40125000
3,40375000
3,40625000
3,42375000
3,42625000
3,43625000
3,44875000
3,45125000
3,45375000
3,45625000
3,45875000
3,46125000
3,46375000
3,46625000
3,46875000
3,47125000
3,47375000
3,47625000
3,47875000
3,48125000
3,48375000
3,48625000
3,48875000
3,49125000
3,49375000
3,49625000
3,49875000
3,50375000
3,50625000
3,50875000
3,51125000
3,51375000
3,51625000
3,51875000
3,52125000
3,52375000
3,52625000
3,52875000
3,53125000
3,53375000
3,53875000
3,54875000
3,55125000
3,56625000
3,56875000
3,57125000
3,57375000
3,57625000
3,57875000
3,58125000
3,58375000
3,58625000
3,58875000
3,59875000
3,60125000
3,60625000
3,60875000
3,61625000
3,62125000
3,62375000
3,62625000
3,62875000
3,63125000
3,63625000
3,63875000
3,64125000
3,64625000
3,65375000
3,65625000
3,66375000
3,66625000
3,67375000
3,68875000
3,69125000
3,69375000
3,70625000
3,70875000
3,71125000
3,72125000
3,73375000
3,73625000
3,74375000
3,75125000
3,75375000
3,75625000
3,75875000
3,77125000
3,77625000
3,78625000
3,78875000
3,79625000
3,80125000
3,80375000
3,81625000
3,81875000
3,82875000
3,87125000
3,87375000
3,87875000
3,88375000
3,88875000
3,89125000
3,94625000
3,94875000
3,95375000
3,96375000
3,97125000
3,97375000
3,97625000
3,97875000
3,98125000
3,98375000
3,99625000
3,100125000
3,100375000
3,100625000
3,100875000
3,101375000
3,101625000
3,102875000
3,103875000
3,105375000
3,107125000
3,107375000
3,107625000
3,107875000
3,108125000
3,108375000
3,108625000
3,108875000
3,109125000
3,110375000
3,111375000
3,111625000
3,111875000
3,112125000
3,112625000
3,112875000
3,113125000
3,113375000
3,113625000
3,113875000
3,114125000
3,116625000
3,118875000
3,119125000
3,119375000
3,119625000
3,119875000
3,120125000
3,120375000
3,120625000
3,121375000
3,121625000
3,121875000
3,122125000
3,122375000
3,122625000
3,122875000
3,123125000
3,123375000
3,123625000
3,123875000
3,124125000
3,124375000
3,124625000
3,124875000
3,125375000
3,125625000
3,125875000
3,126125000
3,126375000
3,126625000
3,126875000
3,127375000
3,127625000
3,128125000
3,128375000
3,128625000
3,128875000
3,129125000
3,129375000
3,129625000
3,129875000
3,130125000
3,130375000
3,130625000
3,130875000
3,131125000
3,131375000
3,131875000
3,132125000
3,132375000
3,133125000
3,133375000
3,133625000
3,133875000
3,134125000
3,134375000
3,134625000
3,134875000
3,135875000
3,136125000
3,136375000
3,136625000
3,137375000
3,137625000
3,137875000
3,138125000
3,138625000
3,138875000
3,139125000
3,139875000
3,140125000
3,140375000
3,141375000
3,141625000
3,141875000
3,142125000
3,142375000
3,142625000
3,142875000
3,143375000
3,145125000
3,145375000
3,145625000
3,146125000
3,146375000
3,148625000
3,148875000
3,149125000
3,149375000
3,149625000
3,150125000
3,150375000
3,150625000
3,151125000
3,151375000
3,151625000
3,152375000
3,153875000
3,154125000
3,154875000
3,155375000
3,155875000
3,156125000
3,156375000
3,156625000
3,157125000
3,158375000
3,158625000
3,159375000
3,159625000
3,160125000
3,160875000
3,161125000
3,164625000
3,166875000
3,167125000
3,167375000
3,167625000
3,167875000
3,168875000
3,169625000
3,169875000
3,170125000
3,170375000
3,170625000
3,170875000
3,171375000
3,171875000
3,172125000
3,172375000
3,172625000
3,172875000
3,174125000
3,174625000
3,174875000
3,175125000
3,176875000
3,177875000
3,178625000
3,178875000
3,179125000
3,179375000
3,179625000
3,180375000
3,181625000
3,182625000
3,182875000
3,183125000
3,183375000
3,183625000
3,183875000
3,184125000
3,184375000
3,184625000
3,185125000
3,185375000
3,185625000
3,185875000
3,186125000
3,186375000
3,186625000
3,186875000
3,187375000
3,188125000
3,188625000
3,188875000
3,189125000
3,189375000
3,189625000
3,189875000
3,190125000
3,190375000
3,190625000
3,190875000
3,191125000
3,191875000
3,192125000
3,192625000
3,192875000
3,193125000
3,193375000
3,194125000
3,194375000
3,194875000
3,195125000
3,195375000
3,195625000
3,195875000
3,196125000
3,196375000
3,196625000
3,196875000
3,197125000
3,197375000
3,197625000
3,197875000
4,125000
4,375000
4,625000
4,875000
4,1125000
4,1375000
4,1875000
4,2375000
4,2625000
4,2875000
4,3125000
4,3375000
4,3875000
4,4125000
4,4375000
4,4625000
4,5125000
4,5375000
4,5625000
4,5875000
4,6125000
4,6375000
4,6625000
4,6875000
4,7125000
4,7625000
4,7875000
4,8125000
4,8375000
4,8625000
4,8875000
4,9125000
4,9375000
4,9625000
4,9875000
4,10125000
4,10375000
4,10625000
4,11375000
4,13375000
4,13625000
4,15125000
4,15375000
4,15625000
4,15875000
4,16125000
4,16375000
4,16625000
4,17375000
4,17625000
4,17875000
4,18125000
4,18625000
4,19875000
4,20625000
4,20875000
4,22375000
4,22625000
4,23875000
4,24625000
4,24875000
4,25125000
4,25375000
4,25625000
4,25875000
4,26375000
4,26625000
4,26875000
4,27125000
4,27625000
4,28875000
4,29625000
4,30125000
4,33125000
4,36125000
4,36375000
4,37625000
4,37875000
4,38125000
4,38625000
4,38875000
4,39125000
4,39375000
4,39625000
4,39875000
4,40125000
4,40375000
4,40875000
4,41125000
4,41625000
4,41875000
4,42625000
4,43125000
4,46125000
4,46375000
4,46625000
4,46875000
4,47125000
4,47375000
4,47625000
4,47875000
4,48125000
4,48375000
4,48625000
4,48875000
4,49125000
4,49375000
4,49625000
4,52875000
4,54125000
4,54375000
4,54875000
4,55125000
4,55875000
4,56125000
4,56375000
4,56875000
4,57125000
4,57375000
4,57625000
4,57875000
4,58875000
4,59375000
4,62625000
4,62875000
4,63375000
4,63625000
4,65125000
4,65375000
4,65625000
4,66375000
4,66875000
4,68375000
4,68625000
4,68875000
4,69125000
4,69375000
4,69875000
4,70125000
4,70375000
4,70625000
4,71125000
4,71375000
4,71875000
4,72375000
4,72625000
4,73375000
4,73875000
4,74125000
4,74375000
4,74625000
4,74875000
4,75125000
4,75375000
4,75625000
4,75875000
4,76125000
4,76375000
4,76625000
4,76875000
4,77125000
4,77375000
4,77625000
4,77875000
4,78125000
4,78875000
4,79125000
4,79375000
4,79625000
4,80875000
4,81125000
4,81375000
4,82125000
4,82375000
4,82875000
4,83125000
4,83375000
4,83625000
4,83875000
4,84125000
4,84375000
4,85125000
4,85375000
4,85625000
4,86875000
4,87625000
4,87875000
4,88125000
4,88375000
4,88625000
4,88875000
4,89625000
4,90125000
4,90625000
4,90875000
4,91625000
4,93625000
4,95125000
4,95375000
4,95625000
4,96125000
4,96375000
4,96875000
4,97125000
4,99375000
4,99625000
4,99875000
4,100125000
4,100375000
4,100625000
4,100875000
4,101125000
4,101375000
4,101875000
4,103125000
4,103375000
4,103625000
4,103875000
4,104125000
4,104375000
4,104625000
4,105375000
4,106375000
4,106625000
4,106875000
4,108125000
4,108625000
4,109375000
4,109625000
4,109875000
4,110625000
4,110875000
4,111375000
4,113125000
4,113375000
4,113625000
4,114125000
4,114375000
4,114875000
4,115625000
4,116875000
4,117125000
4,117375000
4,118375000
4,119125000
4,119375000
4,119625000
4,119875000
4,120125000
4,120375000
4,120625000
4,120875000
4,121125000
4,121625000
4,121875000
4,122375000
4,122625000
4,122875000
4,123125000
4,123375000
4,123625000
4,124375000
4,126375000
4,128625000
4,128875000
4,129375000
4,129875000
4,130875000
4,134125000
4,134375000
4,135125000
4,139125000
4,139375000
4,139625000
4,139875000
4,140375000
4,140625000
4,140875000
4,141625000
4,141875000
4,142125000
4,142625000
4,142875000
4,143375000
4,144125000
4,144375000
4,144625000
4,144875000
4,145125000
4,146375000
4,146625000
4,146875000
4,147125000
4,147375000
4,147625000
4,147875000
4,148375000
4,148625000
4,149125000
4,149375000
4,152125000
4,153375000
4,153625000
4,153875000
4,154125000
4,154375000
4,154625000
4,155375000
4,155625000
4,155875000
4,156125000
4,156375000
4,156625000
4,156875000
4,157875000
4,158125000
4,158375000
4,158625000
4,159625000
4,159875000
4,160375000
4,162375000
4,162625000
4,162875000
4,164125000
4,164625000
4,164875000
4,165625000
4,165875000
4,166125000
4,166375000
4,166625000
4,166875000
4,167125000
4,167625000
4,167875000
4,169125000
4,169375000
4,169625000
4,169875000
4,170125000
4,170375000
4,170625000
4,171625000
4,173375000
4,173875000
4,174125000
4,174375000
4,174625000
4,175375000
4,175625000
4,176875000
4,177125000
4,178375000
4,178875000
4,179875000
4,183625000
4,183875000
4,184125000
4,184625000
4,184875000
4,185125000
4,185375000
4,185625000
4,185875000
4,186125000
4,186375000
4,186625000
4,187125000
4,187625000
4,188625000
4,188875000
4,189625000
4,190375000
4,190625000
4,190875000
4,191077138
5,125000
5,375000
5,625000
5,875000
5,1125000
5,1375000
5,1625000
5,1875000
5,2875000
5,5125000
5,5375000
5,6375000
5,6625000
5,6875000
5,7375000
5,7625000
5,7875000
5,9125000
5,10125000
5,10375000
5,10625000
5,11125000
5,11625000
5,13625000
5,13875000
5,14875000
5,16125000
5,16375000
5,16625000
5,16875000
5,17375000
5,18125000
5,19625000
5,20375000
5,21375000
5,21625000
5,21875000
5,22625000
5,23125000
5,23375000
5,23625000
5,23875000
5,24625000
5,24875000
5,25125000
5,25875000
5,26625000
5,26875000
5,28125000
5,28875000
5,29125000
5,29625000
5,29875000
5,30125000
5,31125000
5,31375000
5,31625000
5,31875000
5,32125000
5,32375000
5,32625000
5,33375000
5,33625000
5,33875000
5,34125000
5,34625000
5,34875000
5,35125000
5,35625000
5,35875000
5,36125000
5,36375000
5,37125000
5,37375000
5,37625000
5,38375000
5,38625000
5,38875000
5,39125000
5,40125000
5,41375000
5,41625000
5,41875000
5,42625000
5,42875000
5,43125000
5,43375000
5,43625000
5,44125000
5,49875000
5,50125000
5,50625000
5,51125000
5,51875000
5,52125000
5,52375000
5,52875000
5,53125000
5,54375000
5,54625000
5,54875000
5,55125000
5,55375000
5,55875000
5,56125000
5,56625000
5,56875000
5,57875000
5,58375000
5,58625000
5,59625000
5,59875000
5,60125000
5,60375000
5,60875000
5,61625000
5,61875000
5,62625000
5,62875000
5,63625000
5,63875000
5,64625000
5,64875000
5,65125000
5,65375000
5,66125000
5,66875000
5,67125000
5,68375000
5,68625000
5,68875000
5,69625000
5,70875000
5,71125000
5,71375000
5,71625000
5,71875000
5,72125000
5,72375000
5,72875000
5,73125000
5,73875000
5,74125000
5,74375000
5,74625000
5,74875000
5,75125000
5,75375000
5,75625000
5,75875000
5,76125000
5,76375000
5,76625000
5,76875000
5,77125000
5,77375000
5,77875000
5,78125000
5,78375000
5,78625000
5,79125000
5,79375000
5,79625000
5,79875000
5,80125000
5,80375000
5,80625000
5,80875000
5,81125000
5,81375000
5,81625000
5,82375000
5,82625000
5,82875000
5,83375000
5,83625000
5,84375000
5,84625000
5,85625000
5,86125000
5,87625000
5,88125000
5,89625000
5,89875000
5,90125000
5,90375000
5,92125000
5,93375000
5,93875000
5,94125000
5,94375000
5,94875000
5,95125000
5,95625000
5,96125000
5,96375000
5,96625000
5,97875000
5,99625000
5,99875000
5,100125000
5,101625000
5,101875000
5,102375000
5,102875000
5,103625000
5,106625000
5,107125000
5,107625000
5,109125000
5,110375000
5,110625000
5,110875000
5,111625000
5,112125000
5,112375000
5,112625000
5,112875000
5,114125000
5,114625000
5,114875000
5,115125000
5,115375000
5,115875000
5,118125000
5,118375000
5,118625000
5,119125000
5,121375000
5,121625000
5,121875000
5,122125000
5,122375000
5,122625000
5,122875000
5,123875000
5,124125000
5,125875000
5,126125000
5,126375000
5,126625000
5,126875000
5,127625000
5,127875000
5,128375000
5,128875000
5,129125000
5,131375000
5,131875000
5,132125000
5,132375000
5,132625000
5,132875000
5,133375000
5,133625000
5,133875000
5,134125000
5,134375000
5,134875000
5,135125000
5,135375000
5,135625000
5,136125000
5,136375000
5,136875000
5,137125000
5,137375000
5,137625000
5,137875000
5,138625000
5,138875000
5,139125000
5,139375000
5,139625000
5,139875000
5,140125000
5,140375000
5,140625000
5,140875000
5,141125000
5,141375000
5,141625000
5,142375000
5,142625000
5,143125000
5,143625000
5,143875000
5,144625000
5,145125000
5,145375000
5,145625000
5,145875000
5,146125000
5,146625000
5,146875000
5,147375000
5,147625000
5,147875000
5,148125000
5,148375000
5,148625000
5,148875000
5,149125000
5,149375000
5,149625000
5,149875000
5,150125000
5,150375000
5,150625000
5,150875000
5,151125000
5,151875000
5,152875000
5,153125000
5,153625000
5,153875000
5,154125000
5,154375000
5,155625000
5,155875000
5,156125000
5,156375000
5,156625000
5,156875000
5,157125000
5,157375000
5,157625000
5,158125000
5,158625000
5,159375000
5,159625000
5,159875000
5,160125000
5,160625000
5,160875000
5,161125000
5,162875000
5,163375000
5,167375000
5,167625000
5,167875000
5,168125000
5,168375000
5,169125000
5,169375000
5,169625000
5,169875000
5,170125000
5,170375000
5,170625000
5,170875000
5,171375000
5,171625000
5,171875000
5,172125000
5,172375000
5,172625000
5,172875000
5,173125000
5,173375000
5,174375000
5,174875000
5,175375000
5,175625000
5,175875000
5,176125000
5,176375000
5,176625000
5,176875000
5,177125000
5,177375000
5,177625000
5,177875000
5,178125000
5,178375000
5,178625000
5,178875000
5,179125000
5,179375000
5,179625000
5,179875000
5,180125000
5,180375000
5,180625000
6,375000
6,625000
6,1625000
6,2125000
6,2625000
6,2875000
6,3125000
6,3375000
6,3625000
6,3875000
6,4125000
6,4625000
6,5125000
6,5375000
6,5625000
6,5875000
6,6125000
6,6625000
6,6875000
6,7125000
6,7375000
6,7625000
6,7875000
6,8125000
6,8375000
6,10125000
6,10625000
6,10875000
6,11125000
6,11625000
6,11875000
6,12125000
6,12875000
6,13125000
6,13625000
6,13875000
6,14125000
6,15375000
6,15625000
6,16125000
6,16375000
6,17375000
6,17625000
6,17875000
6,18375000
6,19125000
6,19625000
6,19875000
6,20125000
6,20375000
6,20625000
6,20875000
6,21125000
6,22375000
6,22625000
6,23875000
6,24625000
6,24875000
6,25375000
6,25625000
6,25875000
6,26125000
6,26375000
6,26625000
6,27625000
6,27875000
6,28125000
6,28375000
6,31375000
6,33625000
6,33875000
6,34125000
6,35625000
6,35875000
6,36125000
6,36375000
6,36625000
6,36875000
6,37125000
6,37375000
6,37625000
6,38125000
6,38625000
6,38875000
6,39125000
6,39375000
6,39625000
6,39875000
6,40375000
6,40875000
6,41125000
6,41625000
6,41875000
6,42125000
6,42625000
6,42875000
6,43125000
6,43375000
6,43625000
6,44125000
6,44375000
6,44875000
6,45875000
6,46125000
6,46625000
6,46875000
6,47375000
6,47625000
6,47875000
6,49125000
6,49375000
6,49625000
6,49875000
6,50875000
6,51375000
6,51625000
6,51875000
6,52125000
6,52375000
6,52625000
6,52875000
6,53125000
6,53375000
6,53625000
6,53875000
6,54125000
6,55125000
6,55375000
6,55625000
6,55875000
6,56375000
6,56625000
6,57125000
6,57375000
6,57625000
6,57875000
6,58125000
6,58375000
6,58875000
6,61875000
6,62375000
6,62625000
6,62875000
6,63125000
6,63625000
6,63875000
6,64125000
6,64375000
6,64625000
6,65125000
6,66125000
6,66625000
6,67625000
6,68625000
6,69625000
6,69875000
6,70125000
6,70375000
6,70625000
6,70875000
6,71125000
6,71875000
6,72125000
6,72375000
6,72875000
6,73375000
6,73625000
6,73875000
6,74125000
6,74375000
6,74625000
6,75875000
6,76125000
6,76375000
6,76625000
6,78125000
6,79625000
6,79875000
6,80125000
6,80375000
6,80625000
6,80875000
6,81375000
6,81625000
6,82125000
6,82875000
6,83875000
6,84125000
6,84375000
6,84625000
6,84875000
6,85125000
6,85375000
6,85875000
6,87125000
6,87625000
6,87875000
6,88125000
6,88375000
6,88875000
6,89625000
6,89875000
6,90125000
6,90375000
6,90625000
6,90875000
6,96125000
6,96875000
6,97125000
6,97375000
6,97625000
6,99125000
6,99375000
6,99625000
6,99875000
6,100125000
6,100375000
6,100625000
6,100875000
6,101125000
6,101375000
6,101875000
6,102875000
6,104375000
6,105875000
6,106125000
6,106875000
6,107125000
6,107375000
6,107625000
6,108125000
6,108375000
6,108625000
6,108875000
6,109375000
6,109625000
6,109875000
6,110125000
6,110625000
6,110875000
6,111125000
6,111375000
6,111625000
6,111875000
6,112125000
6,112375000
6,112625000
6,112875000
6,113625000
6,114125000
6,114375000
6,115625000
6,116625000
6,117625000
6,117875000
6,118375000
6,118625000
6,118875000
6,119125000
6,119375000
6,119625000
6,119875000
6,121375000
6,121625000
6,122125000
6,122625000
6,122875000
6,123125000
6,123375000
6,123875000
6,124625000
6,125125000
6,125375000
6,125625000
6,126125000
6,126375000
6,126625000
6,126875000
6,127375000
6,127625000
6,127875000
6,128125000
6,128375000
6,129375000
6,129625000
6,129875000
6,130125000
6,130375000
6,131125000
6,131375000
6,131625000
6,131875000
6,132125000
6,132875000
6,133125000
6,133625000
6,133875000
6,134375000
6,134625000
6,135375000
6,135625000
6,135875000
6,136125000
6,136375000
6,136625000
6,136875000
6,137375000
6,137625000
6,138125000
6,138625000
6,138875000
6,139125000
6,139375000
6,139625000
6,142375000
6,143875000
6,144125000
6,144375000
6,144875000
6,145125000
6,145875000
6,146125000
6,146375000
6,146875000
6,147625000
6,147875000
6,148625000
6,148875000
6,149375000
6,150375000
6,151125000
6,151375000
6,151625000
6,151875000
6,152375000
6,152625000
6,152875000
6,153125000
6,153375000
6,153625000
6,154125000
6,154375000
6,154625000
6,154875000
6,155375000
6,155625000
6,155875000
6,156375000
6,157125000
6,157625000
6,157875000
6,158375000
6,158625000
6,159125000
6,159375000
6,159625000
6,159875000
6,160125000
6,160375000
6,160625000
6,160875000
6,161125000
6,161375000
6,161625000
6,161875000
6,162375000
6,162875000
6,163125000
6,163625000
6,163875000
6,165625000
6,165875000
6,166625000
6,166875000
6,167125000
6,167375000
6,167625000
6,167875000
6,168125000
6,168375000
6,168625000
6,169125000
6,169375000
6,169625000
6,169875000
6,170125000
6,170625000
6,170875000
7,125000
7,375000
7,625000
7,875000
7,1125000
7,1375000
7,1625000
7,1875000
7,2375000
7,2625000
7,2875000
7,4125000
7,4375000
7,4875000
7,5125000
7,5375000
7,5625000
7,5875000
7,6125000
7,6375000
7,6625000
7,6875000
7,7125000
7,7375000
7,7625000
7,7875000
7,8125000
7,8375000
7,10625000
7,10875000
7,11125000
7,11375000
7,11625000
7,11875000
7,12375000
7,12625000
7,13875000
7,14125000
7,14625000
7,15125000
7,15375000
7,15625000
7,16375000
7,16625000
7,16875000
7,17875000
7,18625000
7,18875000
7,19375000
7,19875000
7,20125000
7,20375000
7,20625000
7,20875000
7,21375000
7,21625000
7,21875000
7,22125000
7,22375000
7,22625000
7,22875000
7,23125000
7,23375000
7,23625000
7,23875000
7,24375000
7,24625000
7,24875000
7,25375000
7,25875000
7,26125000
7,26375000
7,26875000
7,27125000
7,27375000
7,28625000
7,28875000
7,29125000
7,29375000
7,29625000
7,29875000
7,30125000
7,30375000
7,30625000
7,30875000
7,31125000
7,31375000
7,31625000
7,31875000
7,32625000
7,32875000
7,33125000
7,33375000
7,34125000
7,34625000
7,34875000
7,35125000
7,35375000
7,35625000
7,36125000
7,36375000
7,36625000
7,36875000
7,37625000
7,37875000
7,38375000
7,39125000
7,39625000
7,39875000
7,40125000
7,40375000
7,40875000
7,41875000
7,42125000
7,42875000
7,43125000
7,43625000
7,43875000
7,44125000
7,44375000
7,44625000
7,44875000
7,45125000
7,45625000
7,45875000
7,46125000
7,47375000
7,47875000
7,48125000
7,48375000
7,48625000
7,48875000
7,49875000
7,50125000
7,50375000
7,50625000
7,51125000
7,51375000
7,51625000
7,53125000
7,54625000
7,55125000
7,55375000
7,55625000
7,56125000
7,56375000
7,56625000
7,56875000
7,57125000
7,57375000
7,57625000
7,57875000
7,61875000
7,62625000
7,62875000
7,63125000
7,63375000
7,63625000
7,63875000
7,64125000
7,64375000
7,64625000
7,64875000
7,65125000
7,65375000
7,65625000
7,65875000
7,66125000
7,66375000
7,66625000
7,66875000
7,67125000
7,68875000
7,69875000
7,70125000
7,70375000
7,70625000
7,72125000
7,72375000
7,72625000
7,72875000
7,73125000
7,73375000
7,73625000
7,73875000
7,74125000
7,74375000
7,75125000
7,75375000
7,75625000
7,75875000
7,76125000
7,76375000
7,76625000
7,76875000
7,77125000
7,77375000
7,77625000
7,77875000
7,78125000
7,78375000
7,78625000
7,79875000
7,80375000
7,81125000
7,81375000
7,81625000
7,82125000
7,82375000
7,82625000
7,82875000
7,83125000
7,83375000
7,83625000
7,83875000
7,84625000
7,86625000
7,86875000
7,87125000
7,87625000
7,87875000
7,88125000
7,88875000
7,89625000
7,89875000
7,90125000
7,90375000
7,90625000
7,91625000
7,91875000
7,92125000
7,92375000
7,92875000
7,93125000
7,93375000
7,93625000
7,94125000
7,94875000
7,95375000
7,95625000
7,96375000
7,96875000
7,97375000
7,97625000
7,97875000
7,98125000
7,98375000
7,98875000
7,99125000
7,99375000
7,99625000
7,99875000
7,100125000
7,100375000
7,100625000
7,100875000
7,101125000
7,101375000
7,101625000
7,101875000
7,102125000
7,102375000
7,102625000
7,102875000
7,103125000
7,103375000
7,104375000
7,104625000
7,104875000
7,105125000
7,105375000
7,105625000
7,105875000
7,106875000
7,107125000
7,107375000
7,107625000
7,107875000
7,108125000
7,108625000
7,109625000
7,110375000
7,111375000
7,111625000
7,112375000
7,112625000
7,113625000
7,114375000
7,115875000
7,116125000
7,116375000
7,116625000
7,116875000
7,117125000
7,117375000
7,117875000
7,120375000
7,120875000
7,121125000
7,121625000
7,121875000
7,122125000
7,122375000
7,123125000
7,123375000
7,123625000
7,124375000
7,124625000
7,126625000
7,127125000
7,127375000
7,127625000
7,127875000
7,128125000
7,128375000
7,128625000
7,128875000
7,129125000
7,129375000
7,129625000
7,129875000
7,130125000
7,130375000
7,130625000
7,131375000
7,131875000
7,132875000
7,133125000
7,133375000
7,133625000
7,133875000
7,134125000
7,134375000
7,134625000
7,135125000
7,135375000
7,135625000
7,135875000
7,136625000
7,136875000
7,137125000
7,137375000
7,137625000
7,137875000
7,138125000
7,138375000
7,138625000
7,138875000
7,139125000
7,139625000
7,139875000
7,140125000
7,140375000
7,140625000
7,141375000
7,141625000
7,141875000
7,142125000
7,142375000
7,142625000
7,143125000
7,143375000
7,143625000
7,143875000
7,144125000
7,144375000
7,145125000
7,145375000
7,146875000
7,147125000
7,147375000
7,147875000
7,148125000
7,148375000
7,148625000
7,148875000
7,149125000
7,149375000
7,149625000
7,150125000
7,150375000
7,150625000
7,150875000
7,151125000
7,151375000
7,151625000
7,151875000
7,152375000
7,152625000
7,152875000
7,153125000
7,153625000
7,154125000
7,154375000
7,154625000
7,154875000
7,155125000
7,155375000
7,155625000
7,156125000
7,156625000
7,156875000
7,157125000
7,157625000
7,157875000
7,158375000
7,158875000
8,125000
8,375000
8,625000
8,1625000
8,1875000
8,2125000
8,2875000
8,3125000
8,3375000
8,3625000
8,3875000
8,4375000
8,4625000
8,4875000
8,5625000
8,6375000
8,6625000
8,6875000
8,7125000
8,7375000
8,7625000
8,7875000
8,8125000
8,8625000
8,8875000
8,9375000
8,9625000
8,10375000
8,10625000
8,11125000
8,11375000
8,11625000
8,11875000
8,12125000
8,12375000
8,12625000
8,12875000
8,13125000
8,13375000
8,13625000
8,13875000
8,14125000
8,15125000
8,15625000
8,16875000
8,17125000
8,17375000
8,17625000
8,17875000
8,18125000
8,18375000
8,18625000
8,19125000
8,19375000
8,19625000
8,19875000
8,20125000
8,20875000
8,21375000
8,21625000
8,21875000
8,22125000
8,22375000
8,22625000
8,22875000
8,23125000
8,23375000
8,23625000
8,24125000
8,24375000
8,25125000
8,25375000
8,25625000
8,25875000
8,26125000
8,26375000
8,26625000
8,26875000
8,27125000
8,27375000
8,27625000
8,27875000
8,28125000
8,28375000
8,28625000
8,28875000
8,29875000
8,30125000
8,30375000
8,30625000
8,30875000
8,31125000
8,32375000
8,32625000
8,36625000
8,36875000
8,37125000
8,37625000
8,38125000
8,38375000
8,38625000
8,38875000
8,39125000
8,39375000
8,39625000
8,39875000
8,40375000
8,40625000
8,41375000
8,41625000
8,41875000
8,42125000
8,42625000
8,42875000
8,43125000
8,46875000
8,47375000
8,47625000
8,47875000
8,48125000
8,48375000
8,48625000
8,48875000
8,49125000
8,49875000
8,51625000
8,52375000
8,52625000
8,53125000
8,53875000
8,54375000
8,54625000
8,54875000
8,55125000
8,55375000
8,55625000
8,56375000
8,56625000
8,56875000
8,57125000
8,57375000
8,58125000
8,59375000
8,59625000
8,59875000
8,61125000
8,61375000
8,61625000
8,61875000
8,62125000
8,62375000
8,62625000
8,63375000
8,63625000
8,63875000
8,64125000
8,64375000
8,65375000
8,65625000
8,66625000
8,66875000
8,67125000
8,67375000
8,67625000
8,67875000
8,68125000
8,68375000
8,68625000
8,68875000
8,69125000
8,69375000
8,69625000
8,70125000
8,70375000
8,70625000
8,70875000
8,71125000
8,71625000
8,72375000
8,72875000
8,73125000
8,73875000
8,74125000
8,74625000
8,74875000
8,75125000
8,75375000
8,75625000
8,75875000
8,76375000
8,76625000
8,77625000
8,77875000
8,79625000
8,80375000
8,80875000
8,81125000
8,81625000
8,81875000
8,82375000
8,82625000
8,82875000
8,83875000
8,84125000
8,84375000
8,84625000
8,85375000
8,85875000
8,86125000
8,86375000
8,86625000
8,87125000
8,87375000
8,87625000
8,87875000
8,89125000
8,89375000
8,90375000
8,90875000
8,91625000
8,91875000
8,92125000
8,92375000
8,92875000
8,93125000
8,94125000
8,94625000
8,95375000
8,95625000
8,95875000
8,96125000
8,96875000
8,97125000
8,97875000
8,98375000
8,98875000
8,99125000
8,99625000
8,100125000
8,100375000
8,100625000
8,100875000
8,101625000
8,102625000
8,103375000
8,103625000
8,103875000
8,104125000
8,104375000
8,104625000
8,104875000
8,105125000
8,105375000
8,106125000
8,106625000
8,107625000
8,107875000
8,108125000
8,108625000
8,109125000
8,109375000
8,110375000
8,113125000
8,113375000
8,116375000
8,117875000
8,118125000
8,118875000
8,119125000
8,119625000
8,119875000
8,120125000
8,120625000
8,120875000
8,121125000
8,121375000
8,121625000
8,123875000
8,124125000
8,124375000
8,124625000
8,124875000
8,125125000
8,125375000
8,125625000
8,125875000
8,126125000
8,126375000
8,127125000
8,127375000
8,128375000
8,129125000
8,129625000
8,130625000
8,130875000
8,131125000
8,131375000
8,131875000
8,132125000
8,132875000
8,133125000
8,133625000
8,133875000
8,134125000
8,134375000
8,135625000
8,136625000
8,138375000
8,138625000
8,139125000
8,139375000
8,139625000
8,139875000
8,140625000
8,140875000
8,141125000
8,141625000
8,141875000
8,142125000
8,142375000
8,143375000
8,143625000
8,143875000
8,144125000
8,144375000
8,144625000
8,144875000
8,145125000
8,145625000
8,145875000
8,146125000
9,125000
9,375000
9,625000
9,875000
9,2125000
9,2625000
9,2875000
9,3125000
9,3375000
9,3875000
9,4125000
9,4375000
9,4625000
9,4875000
9,5125000
9,5375000
9,5625000
9,5875000
9,6125000
9,6375000
9,6625000
9,6875000
9,7125000
9,7375000
9,8375000
9,8625000
9,9125000
9,11375000
9,11625000
9,13125000
9,13875000
9,14375000
9,14625000
9,14875000
9,15125000
9,15375000
9,15625000
9,15875000
9,16875000
9,17375000
9,17625000
9,17875000
9,18375000
9,18625000
9,18875000
9,19125000
9,19375000
9,19625000
9,20375000
9,20625000
9,20875000
9,21125000
9,21375000
9,21625000
9,22125000
9,22375000
9,23625000
9,25625000
9,26875000
9,27125000
9,27375000
9,27625000
9,28875000
9,30625000
9,30875000
9,32375000
9,32625000
9,32875000
9,33125000
9,33375000
9,33625000
9,33875000
9,34125000
9,34625000
9,34875000
9,35125000
9,35625000
9,35875000
9,36125000
9,36375000
9,36625000
9,37125000
9,37375000
9,37625000
9,37875000
9,38375000
9,38625000
9,39125000
9,39875000
9,40375000
9,40625000
9,40875000
9,41875000
9,42375000
9,43125000
9,43375000
9,43875000
9,44125000
9,44875000
9,45125000
9,45375000
9,46125000
9,46375000
9,46875000
9,65625000
9,65875000
9,66375000
9,66625000
9,66875000
9,67375000
9,67625000
9,67875000
9,68375000
9,68625000
9,68875000
9,69125000
9,69375000
9,69625000
9,69875000
9,70125000
9,70375000
9,70625000
9,70875000
9,71125000
9,71375000
9,71625000
9,71875000
9,72125000
9,72375000
9,72625000
9,72875000
9,73125000
9,73375000
9,74375000
9,74625000
9,74875000
9,75375000
9,75625000
9,75875000
9,76375000
9,77375000
9,77625000
9,78625000
9,78875000
9,79125000
9,79375000
9,79875000
9,80125000
9,80875000
9,81625000
9,82375000
9,82875000
9,84125000
9,84625000
9,85375000
9,85625000
9,85875000
9,86375000
9,86625000
9,86875000
9,87625000
9,88125000
9,88375000
9,88625000
9,88875000
9,90125000
9,90375000
9,90625000
9,90875000
9,91375000
9,91625000
9,91875000
9,92125000
9,92875000
9,93625000
9,93875000
9,94125000
9,94375000
9,94625000
9,94875000
9,95125000
9,95375000
9,95625000
9,95875000
9,96125000
9,96375000
9,96625000
9,96875000
9,97125000
9,97375000
9,97875000
9,98625000
9,98875000
9,99125000
9,99375000
9,99625000
9,99875000
9,100125000
9,100625000
9,100875000
9,101125000
9,101375000
9,101625000
9,101875000
9,102125000
9,102625000
9,103375000
9,104125000
9,104375000
9,105875000
9,107625000
9,108375000
9,109625000
9,109875000
9,110125000
9,110375000
9,110875000
9,111375000
9,111625000
9,111875000
9,112125000
9,112375000
9,112625000
9,112875000
9,113125000
9,113375000
9,113625000
9,114125000
9,114375000
9,114625000
9,114875000
9,115125000
9,115875000
9,116125000
9,116375000
9,116625000
9,116875000
9,117125000
9,117375000
9,117625000
9,117875000
9,118125000
9,118375000
9,118625000
9,118875000
9,119125000
9,119375000
9,119625000
9,122125000
9,123375000
9,123875000
9,124125000
9,124375000
9,124625000
9,124875000
9,125125000
9,125375000
9,125625000
9,125875000
9,126125000
9,126625000
9,127125000
9,127625000
9,127875000
9,128875000
9,129125000
9,129375000
9,129625000
9,129875000
9,130375000
9,130625000
9,130875000
9,131125000
9,131375000
9,131625000
9,131875000
9,132375000
9,132625000
9,132875000
9,133125000
9,133375000
9,133625000
9,133875000
9,134125000
9,134375000
9,134625000
9,135125000
9,135375000
9,135625000
9,135875000
9,136125000
9,136375000
9,136625000
9,136875000
9,137125000
9,137625000
9,137875000
9,138125000
9,138375000
9,138625000
9,138875000
9,139125000
9,139375000
9,139625000
9,139875000
9,140125000
9,140375000
9,140625000
9,140875000
9,141106715
10,125000
10,375000
10,875000
10,1125000
10,1375000
10,3125000
10,4875000
10,5125000
10,5375000
10,5625000
10,5875000
10,6125000
10,6375000
10,6625000
10,7125000
10,7375000
10,7625000
10,7875000
10,8125000
10,8625000
10,9875000
10,10125000
10,11375000
10,11625000
10,11875000
10,12125000
10,12875000
10,13125000
10,13375000
10,13875000
10,14375000
10,14625000
10,14875000
10,15125000
10,15375000
10,15875000
10,16625000
10,16875000
10,17125000
10,17375000
10,17875000
10,18375000
10,18625000
10,18875000
10,19125000
10,19375000
10,20125000
10,20375000
10,20625000
10,21125000
10,21625000
10,22125000
10,22375000
10,22875000
10,23125000
10,23375000
10,23625000
10,24375000
10,24625000
10,24875000
10,25125000
10,25875000
10,26125000
10,26375000
10,26625000
10,26875000
10,27375000
10,27625000
10,28125000
10,28375000
10,28875000
10,29625000
10,29875000
10,30375000
10,30625000
10,30875000
10,31125000
10,31625000
10,32375000
10,32625000
10,32875000
10,33125000
10,33375000
10,33625000
10,34375000
10,34625000
10,35125000
10,35375000
10,35875000
10,37375000
10,37625000
10,37875000
10,38375000
10,38625000
10,38875000
10,39125000
10,42375000
10,42625000
10,42875000
10,43125000
10,43375000
10,43625000
10,43875000
10,44125000
10,44375000
10,44875000
10,45375000
10,45625000
10,45875000
10,46125000
10,46375000
10,46875000
10,47125000
10,47375000
10,47625000
10,47875000
10,48875000
10,49125000
10,49375000
10,49625000
10,49875000
10,50125000
10,50375000
10,50625000
10,50875000
10,51125000
10,51375000
10,51625000
10,51875000
10,52125000
10,52375000
10,52625000
10,53875000
10,54125000
10,56375000
10,59875000
10,60125000
10,60375000
10,60625000
10,60875000
10,61125000
10,61375000
10,61625000
10,61875000
10,62375000
10,62625000
10,63125000
10,63375000
10,64125000
10,64375000
10,64625000
10,64875000
10,65125000
10,65375000
10,66625000
10,67125000
10,67625000
10,68375000
10,68625000
10,68875000
10,69625000
10,69875000
10,70125000
10,70375000
10,70875000
10,71125000
10,71375000
10,71625000
10,71875000
10,72125000
10,72375000
10,72625000
10,73125000
10,73375000
10,73625000
10,73875000
10,74125000
10,74625000
10,75375000
10,75625000
10,75875000
10,76125000
10,76375000
10,77125000
10,78625000
10,78875000
10,79125000
10,79625000
10,79875000
10,80875000
10,81125000
10,81375000
10,81625000
10,81875000
10,82125000
10,82375000
10,84625000
10,85875000
10,86625000
10,86875000
10,88125000
10,88375000
10,88625000
10,88875000
10,89125000
10,89375000
10,89625000
10,90125000
10,90375000
10,90625000
10,90875000
10,91375000
10,91625000
10,92625000
10,92875000
10,93125000
10,93375000
10,93625000
10,93875000
10,94125000
10,94375000
10,94625000
10,94875000
10,95125000
10,95375000
10,95625000
10,95875000
10,96125000
10,96375000
10,96625000
10,96875000
10,97125000
10,97375000
10,97625000
10,97875000
10,98375000
10,98875000
10,99125000
10,99375000
10,99625000
10,99875000
10,100125000
10,100375000
10,101125000
10,101375000
10,101625000
10,101875000
10,102125000
10,102375000
10,102625000
10,102875000
10,103375000
10,103625000
10,103875000
10,104125000
10,104375000
10,104625000
10,105125000
10,105375000
10,105625000
10,105875000
10,106125000
10,106625000
10,106875000
10,107125000
10,108375000
10,108875000
10,111375000
10,111625000
10,111875000
10,112625000
10,113875000
10,114125000
10,114875000
10,115125000
10,115375000
10,115625000
10,115875000
10,116125000
10,116625000
10,116875000
10,117375000
10,117875000
10,118125000
10,118375000
10,118625000
10,119875000
10,120375000
10,120625000
10,120875000
10,121125000
10,121375000
10,121625000
10,122125000
10,122375000
10,122625000
10,123625000
10,123875000
10,124125000
10,124375000
10,124625000
10,125625000
10,125875000
10,126125000
10,126375000
10,126625000
10,126875000
10,127375000
10,127625000
10,127875000
10,128125000
10,128875000
10,129125000
10,129875000
10,131625000
10,131875000
10,132125000
10,132875000
10,133875000
10,134125000
10,134375000
10,134625000
10,134875000
10,135125000
10,135375000
10,135517373
11,125000
11,375000
11,625000
11,875000
11,1125000
11,1375000
11,1625000
11,1875000
11,2125000
11,2375000
11,2625000
11,2875000
11,3125000
11,3375000
11,3625000
11,3875000
11,4125000
11,4375000
11,4625000
11,4875000
11,5125000
11,5375000
11,5625000
11,5875000
11,6125000
11,6375000
11,6625000
11,6875000
11,7125000
11,7375000
11,7625000
11,7875000
11,8125000
11,8375000
11,8625000
11,8875000
11,9125000
11,9375000
11,9625000
11,9875000
11,10125000
11,10375000
11,10625000
11,11125000
11,11375000
11,11875000
11,12125000
11,12375000
11,12625000
11,13375000
11,13625000
11,14125000
11,14375000
11,15125000
11,15375000
11,16125000
11,16625000
11,16875000
11,17125000
11,17375000
11,17625000
11,17875000
11,18125000
11,18375000
11,18625000
11,18875000
11,19125000
11,19375000
11,19875000
11,20125000
11,20625000
11,20875000
11,21375000
11,21625000
11,22875000
11,23125000
11,25625000
11,26375000
11,26625000
11,27125000
11,27375000
11,27875000
11,28125000
11,30375000
11,30875000
11,31625000
11,31875000
11,32125000
11,32375000
11,32625000
11,32875000
11,33125000
11,33375000
11,33625000
11,33875000
11,34125000
11,34375000
11,34625000
11,35125000
11,35375000
11,35875000
11,36125000
11,36375000
11,36625000
11,39125000
11,39875000
11,40375000
11,42875000
11,43375000
11,43875000
11,44125000
11,44375000
11,44625000
11,44875000
11,45125000
11,45625000
11,46125000
11,46625000
11,46875000
11,47125000
11,47375000
11,47625000
11,47875000
11,48125000
11,48375000
11,48625000
11,48875000
11,49125000
11,49375000
11,49625000
11,49875000
11,50125000
11,50375000
11,51375000
11,51625000
11,55125000
11,55375000
11,55625000
11,55875000
11,56125000
11,56375000
11,56625000
11,56875000
11,57125000
11,57375000
11,57875000
11,58125000
11,58375000
11,59125000
11,59625000
11,59875000
11,60125000
11,60375000
11,60625000
11,60875000
11,61125000
11,61375000
11,61625000
11,61875000
11,62125000
11,62375000
11,62625000
11,62875000
11,63375000
11,63625000
11,63875000
11,64125000
11,64375000
11,64625000
11,64875000
11,65125000
11,65375000
11,65625000
11,65875000
11,66125000
11,66375000
11,66625000
11,66875000
11,67125000
11,67375000
11,67625000
11,67875000
11,68125000
11,68375000
11,68625000
11,68875000
11,69625000
11,69875000
11,70125000
11,70375000
11,70625000
11,70875000
11,71125000
11,71375000
11,71625000
11,71875000
11,72375000
11,72625000
11,72875000
11,73125000
11,73375000
11,73625000
11,73875000
11,74125000
11,74375000
11,74625000
11,74875000
11,75375000
11,76375000
11,76625000
11,76875000
11,77125000
11,77375000
11,77625000
11,78375000
11,79625000
11,80625000
11,82375000
11,82625000
11,82875000
11,83125000
11,83625000
11,84375000
11,85125000
11,85375000
11,85625000
11,85875000
11,86125000
11,86625000
11,86875000
11,87125000
11,87875000
11,88125000
11,88875000
11,89125000
11,89375000
11,89625000
11,89875000
11,90125000
11,92375000
11,92625000
11,92875000
11,93125000
11,93375000
11,93625000
11,93875000
11,94125000
11,94375000
11,94625000
11,94875000
11,95625000
11,95875000
11,96125000
11,96375000
11,98125000
11,99375000
11,99875000
11,100125000
11,100875000
11,101375000
11,101625000
11,101875000
11,102125000
11,102375000
11,102625000
11,103125000
11,103875000
11,104875000
11,105125000
11,105875000
11,106125000
11,106625000
11,107125000
11,107625000
11,107875000
11,108125000
11,108375000
11,108625000
11,109625000
11,109875000
11,110125000
11,110375000
11,111375000
11,111625000
11,111875000
11,112125000
11,113125000
11,113375000
11,113625000
11,113875000
11,114125000
11,116625000
11,117125000
11,117375000
11,117625000
11,117875000
11,118125000
11,118375000
11,118625000
11,118875000
11,119125000
11,119375000
11,119625000
11,119875000
11,120375000
11,120625000
11,120875000
11,121125000
11,121375000
11,121625000
11,121875000
11,122375000
11,122625000
11,122875000
11,123125000
11,123375000
11,123625000
11,123875000
11,124125000
11,124375000
11,124625000
11,124875000
11,125375000
11,125625000
11,125875000
11,126125000
11,126375000
11,128375000
11,128625000
11,128875000
11,129375000
11,129625000
11,129875000
11,130125000
11,130375000
11,130625000
11,130875000
11,131625000
11,132125000
11,133625000
11,133875000
11,134125000
12,125000
12,375000
12,625000
12,875000
12,1125000
12,1375000
12,1875000
12,2125000
12,2625000
12,2875000
12,3125000
12,3375000
12,3625000
12,3875000
12,4125000
12,4375000
12,4625000
12,4875000
12,5625000
12,5875000
12,6125000
12,6375000
12,6625000
12,6875000
12,7125000
12,7375000
12,7625000
12,7875000
12,8125000
12,8375000
12,8625000
12,8875000
12,9125000
12,9375000
12,9625000
12,9875000
12,10125000
12,10375000
12,10625000
12,10875000
12,11125000
12,11375000
12,11625000
12,12125000
12,12375000
12,12625000
12,12875000
12,13125000
12,13625000
12,13875000
12,14625000
12,14875000
12,15125000
12,15625000
12,16625000
12,17875000
12,18125000
12,18625000
12,18875000
12,19375000
12,19625000
12,20125000
12,20625000
12,20875000
12,21125000
12,21375000
12,21625000
12,21875000
12,22125000
12,22375000
12,22625000
12,22875000
12,23625000
12,23875000
12,24625000
12,24875000
12,25125000
12,25375000
12,25625000
12,25875000
12,26125000
12,26625000
12,26875000
12,27125000
12,27375000
12,27625000
12,27875000
12,28375000
12,29375000
12,29625000
12,30125000
12,30375000
12,30875000
12,31125000
12,31375000
12,31625000
12,31875000
12,32125000
12,32375000
12,32625000
12,32875000
12,33125000
12,33625000
12,34125000
12,34375000
12,34875000
12,37875000
12,38375000
12,38625000
12,39125000
12,39625000
12,40375000
12,40625000
12,40875000
12,41125000
12,41375000
12,41625000
12,42375000
12,42625000
12,42875000
12,43125000
12,43875000
12,44125000
12,45375000
12,46125000
12,46375000
12,46625000
12,46875000
12,47125000
12,47875000
12,48125000
12,48375000
12,48875000
12,49125000
12,49375000
12,49625000
12,49875000
12,50125000
12,50375000
12,50625000
12,51125000
12,51375000
12,51625000
12,51875000
12,52375000
12,52625000
12,52875000
12,53125000
12,53375000
12,53625000
12,53875000
12,54125000
12,54375000
12,54875000
12,55125000
12,55375000
12,55625000
12,55875000
12,56125000
12,56375000
12,56625000
12,56875000
12,57125000
12,57375000
12,57625000
12,57875000
12,58125000
12,59375000
12,60125000
12,60875000
12,61625000
12,62375000
12,62625000
12,62875000
12,63125000
12,63375000
12,63625000
12,63875000
12,64125000
12,64625000
12,64875000
12,65125000
12,65625000
12,66625000
12,66875000
12,68375000
12,68625000
12,68875000
12,69125000
12,69375000
12,69625000
12,69875000
12,70125000
12,70625000
12,70875000
12,71125000
12,71625000
12,72125000
12,72625000
12,72875000
12,73125000
12,73375000
12,74875000
12,75875000
12,76375000
12,76625000
12,76875000
12,77125000
12,77375000
12,78375000
12,78625000
12,79375000
12,79625000
12,79875000
12,80375000
12,80625000
12,80875000
12,81125000
12,81625000
12,82875000
12,83375000
12,83625000
12,85375000
12,85625000
12,86125000
12,86375000
12,88125000
12,88375000
12,88625000
12,88875000
12,89875000
12,90125000
12,92625000
12,92875000
12,93125000
12,93375000
12,93875000
12,94625000
12,94875000
12,95375000
12,95625000
12,95875000
12,96125000
12,96375000
12,96625000
12,97125000
12,97875000
12,98875000
12,99125000
12,99375000
12,99625000
12,100125000
12,100375000
12,100625000
12,100875000
12,101375000
12,101625000
12,101875000
12,102125000
12,102375000
12,102625000
12,103125000
12,103375000
12,103625000
12,104125000
12,104375000
12,104625000
12,104875000
12,105375000
12,105625000
12,106375000
12,106625000
12,106875000
12,107125000
12,107375000
12,107625000
12,107875000
12,108125000
12,108375000
12,108625000
12,108875000
12,109125000
12,109625000
12,109875000
12,110125000
12,110375000
12,110625000
12,110875000
12,111125000
12,111375000
12,111625000
12,111875000
12,112625000
12,113125000
12,113375000
12,113625000
12,113875000
12,114375000
12,114875000
12,115125000
12,116375000
12,116625000
12,117375000
12,117625000
12,117875000
12,118125000
12,118375000
12,118625000
12,119375000
12,119625000
12,119875000
12,120125000
12,120375000
12,120625000
12,120875000
12,121125000
12,121625000
12,121875000
12,122375000
12,122625000
12,122875000
12,123125000
12,123375000
12,123625000
12,123875000
12,124125000
12,124375000
12,124875000
12,125375000
12,125625000
12,125875000
12,126125000
12,127375000
12,127875000
12,128875000
12,129125000
12,129375000
12,129625000
12,130875000
12,131125000
12,131375000
12,131625000
12,131875000
12,132125000
12,132375000
12,132625000
12,133125000
12,133375000
13,19125000
13,19375000
13,19625000
13,19875000
13,20125000
13,20375000
13,20625000
13,20875000
13,21125000
13,21375000
13,21625000
13,21875000
13,22125000
13,23375000
13,23625000
13,23875000
13,24125000
13,24375000
13,24625000
13,24875000
13,25125000
13,25375000
13,25625000
13,25875000
13,26125000
13,26375000
13,26625000
13,26875000
13,27125000
13,27375000
13,27625000
13,27875000
13,28125000
13,28375000
13,28625000
13,28875000
13,29125000
13,29375000
13,29625000
13,29875000
13,30125000
13,30375000
13,30625000
13,30875000
13,31125000
13,31375000
13,31625000
13,31875000
13,32375000
13,32625000
13,32875000
13,33125000
13,33375000
13,33625000
13,34875000
13,35625000
13,35875000
13,36125000
13,36375000
13,36625000
13,37125000
13,37375000
13,37625000
13,38125000
13,38625000
13,38875000
13,39375000
13,39625000
13,40875000
13,41375000
13,41625000
13,41875000
13,42125000
13,42375000
13,42625000
13,42875000
13,43125000
13,43375000
13,43625000
13,43875000
13,44625000
13,45125000
13,45625000
13,45875000
13,46125000
13,46375000
13,46625000
13,46875000
13,47125000
13,47375000
13,48125000
13,48375000
13,48625000
13,48875000
13,49125000
13,49875000
13,50375000
13,50875000
13,51625000
13,51875000
13,52125000
13,52375000
13,52625000
13,52875000
13,53125000
13,53375000
13,53625000
13,53875000
13,54875000
13,55125000
13,57625000
13,57875000
13,59125000
13,59375000
13,60375000
13,60625000
13,60875000
13,61125000
13,64375000
13,64625000
13,65625000
13,65875000
13,67875000
13,68375000
13,68875000
13,69625000
13,69875000
13,70375000
13,70625000
13,71375000
13,71625000
13,73375000
13,73625000
13,73875000
13,74375000
13,75375000
13,75875000
13,76125000
13,76375000
13,77875000
13,78125000
13,79125000
13,79625000
13,80875000
13,81125000
13,81375000
13,82125000
13,83375000
13,85875000
13,86875000
13,88625000
13,89625000
13,90125000
13,90875000
13,91125000
13,91875000
13,92375000
13,92875000
13,94625000
13,95125000
13,95375000
13,95625000
13,95875000
13,96125000
13,96375000
13,96625000
13,97625000
13,97875000
13,98125000
13,98625000
13,98875000
13,99125000
13,99375000
13,99625000
13,99875000
13,100125000
13,100625000
13,100875000
13,101125000
13,101375000
13,101625000
13,101875000
13,102125000
13,102375000
13,102625000
13,103375000
13,103625000
13,106625000
13,107625000
13,107875000
13,108125000
13,108875000
13,109375000
13,109875000
13,110375000
13,110875000
13,111125000
13,111375000
13,111625000
13,111875000
13,112625000
13,113125000
13,113625000
13,113875000
13,114125000
13,114375000
13,114625000
13,114875000
13,115084939
14,19125000
14,19375000
14,19625000
14,19875000
14,20125000
14,20375000
14,20625000
14,20875000
14,21125000
14,21375000
14,21625000
14,21875000
14,22125000
14,22375000
14,22625000
14,22875000
14,23125000
14,23375000
14,23625000
14,23875000
14,24125000
14,24375000
14,24625000
14,24875000
14,25125000
14,25625000
14,26875000
14,27875000
14,28625000
14,29125000
14,31125000
14,31375000
14,32125000
14,32375000
14,32625000
14,33125000
14,33375000
14,34125000
14,34375000
14,34875000
14,35125000
14,35375000
14,35625000
14,35875000
14,36125000
14,36625000
14,36875000
14,37125000
14,37375000
14,37625000
14,37875000
14,38375000
14,38625000
14,39625000
14,39875000
14,42125000
14,42375000
14,43125000
14,44125000
14,44625000
14,47125000
14,47375000
14,47625000
14,48375000
14,50125000
14,50375000
14,50625000
14,51125000
14,51375000
14,52125000
14,52375000
14,52625000
14,52875000
14,53125000
14,53375000
14,54375000
14,54875000
14,55125000
14,55375000
14,55875000
14,56125000
14,57125000
14,57625000
14,58125000
14,58375000
14,58625000
14,58875000
14,59125000
14,59375000
14,59625000
14,59875000
14,60125000
14,60625000
14,60875000
14,61375000
14,61875000
14,62125000
14,62375000
14,62625000
14,63125000
14,63375000
14,63625000
14,63875000
14,64125000
14,64375000
14,64625000
14,64875000
14,65375000
14,65625000
14,66125000
14,66375000
14,67625000
14,68125000
14,68375000
14,68875000
14,69375000
14,69625000
14,69875000
14,70375000
14,70625000
14,70875000
14,71125000
14,71375000
14,71625000
14,72625000
14,72875000
14,73125000
14,73375000
14,73625000
14,73875000
14,74125000
14,74375000
14,74625000
14,74875000
14,75125000
14,75375000
14,75625000
14,75875000
14,76125000
14,76375000
14,76625000
14,76875000
14,77125000
14,77375000
14,77625000
14,77875000
14,78625000
14,79375000
14,80375000
14,80625000
14,81125000
14,81375000
14,81625000
14,81875000
14,84375000
14,88375000
14,88625000
14,88875000
14,89125000
14,89375000
14,89625000
14,89875000
14,90125000
14,90375000
14,90625000
14,90875000
14,91125000
14,91375000
14,91625000
14,91875000
14,92125000
14,92375000
14,92625000
14,92875000
14,93125000
14,93375000
14,93625000
14,93875000
14,94125000
14,94625000
14,94875000
14,95125000
14,95625000
14,95875000
14,96125000
14,96625000
14,96875000
14,99375000
14,99875000
14,100125000
14,100375000
14,100625000
14,100875000
14,101125000
14,101375000
14,102375000
14,102625000
14,102875000
14,103125000
14,103375000
14,103625000
14,103875000
14,104125000
14,104375000
14,104625000
14,105125000
14,105375000
14,105625000
14,105875000
14,106125000
14,106375000
14,106625000
14,106875000
14,107125000
14,107299770
15,20125000
15,20375000
15,20625000
15,20875000
15,21125000
15,21875000
15,22125000
15,22375000
15,22625000
15,22875000
15,23125000
15,23375000
15,23625000
15,23875000
15,24875000
15,25375000
15,25625000
15,25875000
15,26125000
15,27125000
15,27875000
15,28125000
15,28375000
15,28625000
15,28875000
15,29125000
15,29375000
15,29625000
15,29875000
15,30125000
15,30375000
15,30625000
15,30875000
15,31125000
15,31375000
15,31625000
15,31875000
15,32375000
15,32625000
15,32875000
15,33125000
15,33375000
15,33875000
15,34125000
15,34375000
15,34625000
15,34875000
15,35125000
15,36875000
15,37125000
15,37625000
15,38625000
15,38875000
15,39625000
15,39875000
15,40125000
15,40375000
15,40625000
15,41125000
15,41375000
15,41625000
15,41875000
15,42125000
15,42375000
15,42625000
15,42875000
15,43375000
15,43625000
15,43875000
15,44125000
15,44875000
15,45375000
15,48125000
15,48625000
15,50125000
15,50375000
15,50625000
15,50875000
15,51125000
15,51375000
15,51625000
15,51875000
15,52125000
15,52375000
15,52625000
15,52875000
15,53125000
15,53875000
15,54125000
15,54375000
15,55625000
15,55875000
15,56125000
15,56375000
15,56625000
15,56875000
15,57625000
15,57875000
15,58125000
15,58375000
15,58875000
15,59125000
15,59375000
15,59625000
15,59875000
15,60125000
15,60375000
15,60625000
15,60875000
15,62125000
15,62375000
15,62625000
15,62875000
15,63125000
15,63375000
15,63625000
15,63875000
15,64125000
15,64375000
15,64625000
15,64875000
15,65125000
15,65375000
15,65625000
15,65875000
15,66125000
15,66375000
15,66625000
15,66875000
15,67125000
15,67375000
15,67625000
15,67875000
15,68375000
15,68625000
15,68875000
15,69125000
15,69375000
15,69625000
15,70125000
15,70375000
15,71125000
15,71375000
15,71625000
15,71875000
15,72125000
15,72875000
15,73125000
15,73375000
15,73625000
15,73875000
15,74125000
15,74375000
15,74625000
15,75375000
15,75625000
15,75875000
15,76125000
15,76375000
15,76625000
15,77125000
15,77375000
15,77875000
15,78125000
15,78375000
15,78625000
15,78875000
15,79125000
15,79375000
15,79625000
15,79875000
15,80125000
15,80375000
15,80875000
15,81125000
15,81375000
15,81625000
15,82375000
15,82625000
15,83125000
15,83375000
15,83625000
15,83875000
15,84125000
15,84375000
15,84625000
15,84875000
15,85125000
15,85375000
15,85625000
15,86125000
15,86375000
15,86875000
15,87125000
15,87625000
15,88375000
15,89125000
15,89375000
15,89625000
15,89875000
15,90125000
15,90375000
15,90625000
15,90875000
15,91375000
15,91625000
15,91875000
15,92375000
15,92625000
15,92875000
15,93125000
15,93375000
15,93625000
15,93875000
15,94625000
15,94875000
15,95375000
15,96875000
15,97375000
15,98125000
15,98625000
15,98875000
15,99125000
15,99375000
15,99625000
15,99875000
15,100125000
15,100375000
15,100625000
15,100875000
15,101125000
15,101375000
15,101625000
15,101875000
15,102125000
15,102375000
15,102515696
16,125000
16,375000
16,625000
16,875000
16,1125000
16,1375000
16,1625000
16,1875000
16,2125000
16,2375000
16,2625000
16,2875000
16,3125000
16,3375000
16,3625000
16,3875000
16,4125000
16,4375000
16,4625000
16,4875000
16,5125000
16,5375000
16,6375000
16,7625000
16,8625000
16,8875000
16,9125000
16,10125000
16,10375000
16,10625000
16,10875000
16,11125000
16,11375000
16,11625000
16,11875000
16,12125000
16,12625000
16,12875000
16,13375000
16,13625000
16,14625000
16,14875000
16,15125000
16,15375000
16,15625000
16,15875000
16,16125000
16,16375000
16,17125000
16,18375000
16,18625000
16,19125000
16,19375000
16,19625000
16,20375000
16,20625000
16,20875000
16,21125000
16,21375000
16,21625000
16,21875000
16,22375000
16,22625000
16,22875000
16,23125000
16,23375000
16,23625000
16,23875000
16,24125000
16,24625000
16,24875000
16,25125000
16,25375000
16,27375000
16,27875000
16,28125000
16,28375000
16,28625000
16,28875000
16,29125000
16,29375000
16,29625000
16,29875000
16,30125000
16,30375000
16,30625000
16,30875000
16,31125000
16,31375000
16,31625000
16,31875000
16,32125000
16,32375000
16,32875000
16,33375000
16,33625000
16,33875000
16,34375000
16,34875000
16,35125000
16,46375000
16,46625000
16,46875000
16,47375000
16,47625000
16,48125000
16,48375000
16,48625000
16,48875000
16,49375000
16,49625000
16,50125000
16,50375000
16,50625000
16,50875000
16,51125000
16,51375000
16,52625000
16,52875000
16,53125000
16,53375000
16,53875000
16,55375000
16,55625000
16,55875000
16,56375000
16,56625000
16,56875000
16,57125000
16,57375000
16,57625000
16,57875000
16,58125000
16,58375000
16,58625000
16,58875000
16,59125000
16,60375000
16,64875000
16,65125000
16,65375000
16,66375000
16,66625000
16,66875000
16,67125000
16,67375000
16,67625000
16,67875000
16,68125000
16,68375000
16,68625000
16,68875000
16,69125000
16,69375000
16,69625000
16,69875000
16,70125000
16,70375000
16,70625000
16,70875000
16,71125000
16,71375000
16,71625000
16,71875000
16,72125000
16,72875000
16,73125000
16,74375000
16,74625000
16,74875000
16,75125000
16,75375000
16,75625000
16,76375000
16,76625000
16,76875000
16,77125000
16,77375000
16,77875000
16,78125000
16,78375000
16,78875000
16,79625000
16,80625000
16,81125000
16,81375000
16,81625000
16,81875000
16,82125000
16,82875000
16,83125000
16,83625000
16,83875000
16,84125000
16,84375000
16,84625000
16,84875000
16,85125000
16,85625000
16,85875000
16,86625000
16,87125000
16,87375000
16,87625000
16,87875000
16,88125000
16,88375000
16,88625000
16,88875000
16,89625000
16,89875000
16,90125000
17,125000
17,625000
17,875000
17,1125000
17,1375000
17,1625000
17,1875000
17,2125000
17,2375000
17,2625000
17,2875000
17,3375000
17,3625000
17,3875000
17,4125000
17,4375000
17,4625000
17,4875000
17,5125000
17,5375000
17,5875000
17,6125000
17,6375000
17,6625000
17,6875000
17,7125000
17,7375000
17,7625000
17,7875000
17,8125000
17,8625000
17,9125000
17,9375000
17,9625000
17,9875000
17,10125000
17,10375000
17,10625000
17,11375000
17,11625000
17,11875000
17,12625000
17,12875000
17,13875000
17,14125000
17,14625000
17,15125000
17,15625000
17,15875000
17,16125000
17,16375000
17,16625000
17,16875000
17,17125000
17,17375000
17,17625000
17,17875000
17,18125000
17,18375000
17,18625000
17,18875000
17,19375000
17,19625000
17,19875000
17,20125000
17,20375000
17,20625000
17,20875000
17,21125000
17,21375000
17,21625000
17,21875000
17,22125000
17,22375000
17,25375000
17,25625000
17,25875000
17,26125000
17,26625000
17,26875000
17,27125000
17,27375000
17,27625000
17,27875000
17,28375000
17,28625000
17,28875000
17,29125000
17,29375000
17,29625000
17,30125000
17,30375000
17,30625000
17,30875000
17,31125000
17,31375000
17,31625000
17,32375000
17,32625000
17,32875000
17,33375000
17,33625000
17,33875000
17,34125000
17,34375000
17,34625000
17,34875000
17,35375000
17,35625000
17,35875000
17,36125000
17,36375000
17,36625000
17,36875000
17,37125000
17,37375000
17,37625000
17,37875000
17,38125000
17,38375000
17,38625000
17,38875000
17,39125000
17,39375000
17,39625000
17,39875000
17,40125000
17,40375000
17,40625000
17,41125000
17,41375000
17,41875000
17,42125000
17,42375000
17,42625000
17,42875000
17,43125000
17,43375000
17,43625000
17,43875000
17,44125000
17,44375000
17,44875000
17,45125000
17,45375000
17,45625000
17,45875000
17,46125000
17,46375000
17,46625000
17,46875000
17,47125000
17,47375000
17,47625000
17,47875000
17,48125000
17,48375000
17,48625000
17,48875000
17,49125000
17,49375000
17,49625000
17,51875000
17,52125000
17,52625000
17,52875000
17,53125000
17,53375000
17,53625000
17,54125000
17,54875000
17,55125000
17,55625000
17,55875000
17,56125000
17,56375000
17,56625000
17,56875000
17,57125000
17,57375000
17,57625000
17,57875000
17,58125000
17,58375000
17,58625000
17,59125000
17,59625000
17,60125000
17,60375000
17,60625000
17,60875000
17,61375000
17,61625000
17,61875000
17,62125000
17,62375000
17,62875000
17,63125000
17,63625000
17,64125000
17,64375000
17,64625000
17,64875000
17,65125000
17,65375000
17,65625000
17,66125000
17,66375000
17,66875000
17,67125000
17,67375000
17,67625000
17,68125000
17,68875000
17,69125000
17,69625000
17,70625000
17,71125000
17,71375000
17,71625000
17,72375000
17,72625000
17,72875000
17,73125000
17,73375000
17,73625000
17,73875000
17,74125000
17,74375000
17,74625000
17,74875000
17,75125000
17,75375000
17,76125000
17,76375000
17,76625000
17,76875000
17,77125000
17,77375000
17,77625000
17,77875000
17,78125000
17,78375000
17,78625000
17,78875000
17,79125000
17,79375000
17,79625000
17,79875000
17,80125000
17,80375000
17,80625000
17,80875000
17,81097605
18,125000
18,375000
18,625000
18,875000
18,2375000
18,2625000
18,2875000
18,3125000
18,3375000
18,5125000
18,5375000
18,5875000
18,6375000
18,6875000
18,7125000
18,7625000
18,7875000
18,8125000
18,8375000
18,8875000
18,9125000
18,9375000
18,9625000
18,9875000
18,10375000
18,10625000
18,10875000
18,11625000
18,11875000
18,12125000
18,12375000
18,12625000
18,12875000
18,13125000
18,13625000
18,13875000
18,14125000
18,14375000
18,14625000
18,14875000
18,15375000
18,18625000
18,19875000
18,20375000
18,20625000
18,20875000
18,21125000
18,21375000
18,21625000
18,21875000
18,22125000
18,22625000
18,22875000
18,23625000
18,23875000
18,24125000
18,24375000
18,25625000
18,26125000
18,26375000
18,27875000
18,28625000
18,28875000
18,29125000
18,29375000
18,29625000
18,29875000
18,30125000
18,30625000
18,30875000
18,31125000
18,31375000
18,33125000
18,33375000
18,33625000
18,33875000
18,34125000
18,34375000
18,36875000
18,37125000
18,39625000
18,42375000
18,43125000
18,43375000
18,43625000
18,44125000
18,45125000
18,46125000
18,46875000
18,47125000
18,47375000
18,47625000
18,47875000
18,48125000
18,48375000
18,48625000
18,50375000
18,50625000
18,50875000
18,51125000
18,51625000
18,51875000
18,52625000
18,53125000
18,54375000
18,54625000
18,54875000
18,55125000
18,55375000
18,55875000
18,56125000
18,56375000
18,56875000
18,57125000
18,57375000
18,57625000
18,57875000
18,58125000
18,58375000
18,59125000
18,59375000
18,59625000
18,59875000
18,60125000
18,60625000
18,61125000
18,61375000
18,61625000
18,63375000
18,63625000
18,64125000
18,65125000
18,65875000
18,66625000
18,67375000
18,67625000
18,67875000
18,68875000
18,70375000
18,71875000
18,72125000
18,72375000
18,72625000
18,72875000
18,74125000
18,74375000
18,74625000
18,74875000
18,75125000
18,77125000
18,77375000
18,77625000
18,77875000
19,375000
19,625000
19,875000
19,1125000
19,1375000
19,1625000
19,1875000
19,2125000
19,2375000
19,2625000
19,2875000
19,3125000
19,3375000
19,3625000
19,3875000
19,4125000
19,4375000
19,4625000
19,4875000
19,5125000
19,5375000
19,5625000
19,5875000
19,6125000
19,6375000
19,6625000
19,6875000
19,7125000
19,7625000
19,7875000
19,8125000
19,8375000
19,8625000
19,8875000
19,9125000
19,9375000
19,9875000
19,10125000
19,10375000
19,10625000
19,10875000
19,11125000
19,11375000
19,11625000
19,11875000
19,12125000
19,12375000
19,12625000
19,12875000
19,13125000
19,13375000
19,13875000
19,14125000
19,14375000
19,14625000
19,14875000
19,15125000
19,15375000
19,15625000
19,15875000
19,16125000
19,16375000
19,16625000
19,16875000
19,17125000
19,17375000
19,17625000
19,17875000
19,18125000
19,18375000
19,18625000
19,18875000
19,19125000
19,19375000
19,19625000
19,19875000
19,20125000
19,20375000
19,20625000
19,20875000
19,21125000
19,21375000
19,21625000
19,21875000
19,22125000
19,22375000
19,22625000
19,22875000
19,23125000
19,23375000
19,23625000
19,23875000
19,24125000
19,24375000
19,27625000
19,28375000
19,28875000
19,30375000
19,30875000
19,31125000
19,31875000
19,33125000
19,33375000
19,33625000
19,33875000
19,34125000
19,34375000
19,34625000
19,34875000
19,35125000
19,35375000
19,35625000
19,35875000
19,36125000
19,36375000
19,36625000
19,36875000
19,37125000
19,37375000
19,37625000
19,37875000
19,38125000
19,38375000
19,38625000
19,38875000
19,39125000
19,39375000
19,39625000
19,39875000
19,40125000
19,40375000
19,40625000
19,40875000
19,41125000
19,41375000
19,41625000
19,41875000
19,42125000
19,42625000
19,42875000
19,43125000
19,43375000
19,43625000
19,43875000
19,44125000
19,44375000
19,44625000
19,44875000
19,45125000
19,45375000
19,45625000
19,45875000
19,46125000
19,46375000
19,46625000
19,46875000
19,47125000
19,47375000
19,47625000
19,47875000
19,48125000
19,48375000
19,48625000
19,48875000
19,49125000
19,49375000
19,49625000
19,49875000
19,50125000
19,50375000
19,50625000
19,50875000
19,51125000
19,51375000
19,51625000
19,51875000
19,52125000
19,52375000
19,52625000
19,52875000
19,53125000
19,53375000
19,53625000
19,53875000
19,54125000
19,54375000
19,54625000
19,54875000
19,55125000
19,55375000
19,55625000
19,55875000
19,56125000
19,56375000
19,56625000
19,56875000
19,57125000
19,57375000
19,57625000
19,57875000
19,58125000
19,58375000
19,58625000
19,58875000
19,59064491
20,125000
20,375000
20,625000
20,1125000
20,1375000
20,1625000
20,1875000
20,2375000
20,2625000
20,2875000
20,3125000
20,3375000
20,3625000
20,3875000
20,4125000
20,4625000
20,4875000
20,5125000
20,5375000
20,5625000
20,5875000
20,6125000
20,6625000
20,7875000
20,8625000
20,8875000
20,9375000
20,10125000
20,10375000
20,10625000
20,12375000
20,13125000
20,13625000
20,13875000
20,14375000
20,14625000
20,15125000
20,16375000
20,16625000
20,17375000
20,17625000
20,17875000
20,18125000
20,18375000
20,19625000
20,19875000
20,20125000
20,20375000
20,20625000
20,20875000
20,21125000
20,21375000
20,21625000
20,22625000
20,22875000
20,23125000
20,23375000
20,23625000
20,23875000
20,24625000
20,24875000
20,25125000
20,25375000
20,25625000
20,25875000
20,26125000
20,26375000
20,29375000
20,29625000
20,29875000
20,30125000
20,30375000
20,30625000
20,30875000
20,31125000
20,31375000
20,31625000
20,31875000
20,32375000
20,32625000
20,33125000
20,33375000
20,33625000
20,33875000
20,34125000
20,34625000
20,34875000
20,35375000
20,35625000
20,36125000
20,36375000
20,36625000
20,36875000
20,37125000
20,37375000
20,37625000
20,37875000
20,39625000
20,39875000
20,40125000
20,40625000
20,40875000
20,41375000
20,42125000
20,42375000
20,42625000
20,43125000
20,43375000
20,43625000
20,43875000
20,44125000
20,44375000
20,44625000
20,44875000
20,45125000
20,45375000
20,45625000
20,46375000
20,46625000
20,47125000
20,47375000
20,47625000
20,47875000
20,48125000
20,48375000
20,48625000
20,49125000
20,49375000
20,49625000
20,50125000
20,50375000
20,50625000
20,51875000
20,52125000
20,52625000
20,53375000
20,54875000
20,55125000
20,55375000
20,55875000
20,56125000
20,56625000
20,56875000
20,57125000
20,57375000
20,57625000
20,57875000
20,58375000
20,58625000
20,59875000
20,60125000
20,60375000
20,60625000
20,60875000
20,61125000
20,61375000
20,61625000
20,61875000
20,62125000
20,62375000
20,62625000
20,62875000
21,9375000
21,9625000
21,9875000
21,10625000
21,10875000
21,11125000
21,14375000
21,14875000
21,15125000
21,15375000
21,15625000
21,16125000
21,16375000
21,16625000
21,17125000
21,18375000
21,18625000
21,18875000
21,19625000
21,20125000
21,20625000
21,22625000
21,22875000
21,23875000
21,24375000
21,24875000
21,26625000
21,27375000
21,28125000
21,28375000
21,28625000
21,28875000
21,29375000
21,29625000
21,31625000
21,31875000
21,32125000
21,32375000
21,32625000
21,32875000
21,33375000
21,33625000
21,33875000
21,34125000
21,34375000
21,34625000
21,34875000
21,35125000
21,35375000
21,35875000
21,36125000
21,36375000
21,36875000
21,37125000
21,37375000
21,37625000
21,38125000
21,38375000
21,38625000
21,38875000
21,39875000
21,40125000
21,40625000
21,40875000
21,41125000
21,41625000
21,42125000
21,42625000
21,42875000
21,43125000
21,43375000
21,43625000
21,43875000
21,44125000
21,44375000
21,44625000
21,44875000
21,45125000
21,45375000
21,45625000
21,45875000
21,46125000
21,46375000
21,46625000
21,46875000
21,47375000
21,47625000
21,47875000
21,48064947
22,16375000
22,16625000
22,16875000
22,17125000
22,17375000
22,17625000
22,17875000
22,18125000
22,18375000
22,18625000
22,18875000
22,19125000
22,19375000
22,19625000
22,19875000
22,20125000
22,20375000
22,20625000
22,20875000
22,21125000
22,21375000
22,21625000
22,21875000
22,22125000
22,22375000
22,22625000
22,22875000
22,23125000
22,23375000
22,23625000
22,23875000
22,24125000
22,24375000
22,24625000
22,24875000
22,25125000
22,25375000
22,25625000
22,25875000
22,26125000
22,26375000
22,26625000
22,26875000
22,27125000
22,28375000
22,28625000
22,29125000
22,29375000
22,29625000
22,29875000
22,30125000
22,30375000
22,30625000
22,30875000
22,31125000
22,31375000
22,31625000
22,31875000
22,32125000
22,32375000
22,32625000
22,32875000
22,33125000
22,33375000
22,34125000
22,34375000
22,35375000
22,35625000
22,35875000
22,36125000
22,36625000
22,36875000
22,37125000
22,37375000
22,37625000
22,37875000
22,38125000
22,38375000
22,38625000
22,38875000
22,39125000
22,39375000
22,39625000
22,39875000
22,40125000
22,40375000
22,40625000
22,40875000
22,41125000
22,41375000
22,41625000
22,42125000
22,42375000
22,42625000
22,42875000
22,43125000
22,43375000
22,43625000
22,43875000
22,44125000
22,44375000
22,44625000
22,44875000
22,45125000
22,45375000
22,45625000
22,45875000
22,46375000
22,46625000
22,46875000
22,47125000
22,47375000
22,47875000
22,48875000
22,49625000
22,50625000
22,50875000
22,51125000
